,Date,CLOSE_PRICE,VOLUME,SYMBOL
0,2022-11-15,99.23,40277091,TLT
1,2022-11-11,97.89,111844817,TLT
2,2022-11-04,94.22,119211156,TLT
3,2022-10-28,96.8,129914577,TLT
4,2022-10-21,93.17,133048104,TLT
5,2022-10-14,98.57,119372256,TLT
6,2022-10-07,100.99,90283505,TLT
7,2022-09-30,102.45,144609951,TLT
8,2022-09-23,105.7,106367204,TLT
9,2022-09-16,107.07,79207661,TLT
10,2022-09-09,108.31,68845787,TLT
11,2022-09-02,110.22,77716063,TLT
12,2022-08-26,113.62,82436129,TLT
13,2022-08-19,113.04,61298156,TLT
14,2022-08-12,115.55,73208423,TLT
15,2022-08-05,116.47,83097282,TLT
16,2022-07-29,117.43,87423445,TLT
17,2022-07-22,118.55,66702530,TLT
18,2022-07-15,116.14,84469665,TLT
19,2022-07-08,112.5,65303027,TLT
20,2022-07-01,115.82,86347550,TLT
21,2022-06-24,112.56,80198085,TLT
22,2022-06-17,112.08,131718509,TLT
23,2022-06-10,113.77,84014479,TLT
24,2022-06-03,116.03,69100947,TLT
25,2022-05-27,119.08,79827618,TLT
26,2022-05-20,118.51,92146994,TLT
27,2022-05-13,115.98,141775860,TLT
28,2022-05-06,113.67,157146123,TLT
29,2022-04-29,119.45,109244032,TLT
30,2022-04-22,119.99,118936418,TLT
31,2022-04-14,120.75,104608904,TLT
32,2022-04-08,125.12,110805117,TLT
33,2022-04-01,132.38,96678327,TLT
34,2022-03-25,128.66,110920562,TLT
35,2022-03-18,133.44,141054869,TLT
36,2022-03-11,134.91,113314037,TLT
37,2022-03-04,140.24,138383340,TLT
38,2022-02-25,136.87,80461929,TLT
39,2022-02-18,138.23,99862620,TLT
40,2022-02-11,138.25,117687275,TLT
41,2022-02-04,139.01,94052868,TLT
42,2022-01-28,143.13,98588554,TLT
43,2022-01-21,143.63,79896865,TLT
44,2022-01-14,142.1,90666230,TLT
45,2022-01-07,142.26,114521607,TLT
46,2021-12-31,148.19,52496452,TLT
47,2021-12-23,148.52,57641951,TLT
48,2021-12-17,150.83,94032361,TLT
49,2021-12-10,148.86,118517579,TLT
50,2021-12-03,154.35,137735475,TLT
51,2021-11-26,150.53,64423096,TLT
52,2021-11-19,148.36,67549826,TLT
53,2021-11-12,147.33,81503204,TLT
54,2021-11-05,149.3,85888035,TLT
55,2021-10-29,147.69,80486230,TLT
56,2021-10-22,144.13,64454954,TLT
57,2021-10-15,145.03,73529331,TLT
58,2021-10-08,141.88,101497581,TLT
59,2021-10-01,145.35,112366508,TLT
60,2021-09-24,146.91,91031221,TLT
61,2021-09-17,149.17,74007009,TLT
62,2021-09-10,148.4,65301239,TLT
63,2021-09-03,148.18,59360044,TLT
64,2021-08-27,149.46,73236960,TLT
65,2021-08-20,150.55,74305414,TLT
66,2021-08-13,148.55,77227571,TLT
67,2021-08-06,147.78,89352197,TLT
68,2021-07-30,149.52,63985249,TLT
69,2021-07-23,148.5,116643762,TLT
70,2021-07-16,148.21,81239978,TLT
71,2021-07-09,146.53,72973034,TLT
72,2021-07-02,145.04,58848057,TLT
73,2021-06-25,142.01,67407516,TLT
74,2021-06-18,145.73,109117722,TLT
75,2021-06-11,142.31,60144472,TLT
76,2021-06-04,139.9,45894371,TLT
77,2021-05-28,138.44,49830240,TLT
78,2021-05-21,137.67,55315219,TLT
79,2021-05-14,137.08,81805756,TLT
80,2021-05-07,139.23,86470606,TLT
81,2021-04-30,138.64,71375101,TLT
82,2021-04-23,140.06,63724444,TLT
83,2021-04-16,139.26,67320071,TLT
84,2021-04-09,137.51,45144069,TLT
85,2021-04-01,137.51,63146089,TLT
86,2021-03-26,136.66,76894204,TLT
87,2021-03-19,134.75,94349023,TLT
88,2021-03-12,136.06,76641095,TLT
89,2021-03-05,138.91,97260985,TLT
90,2021-02-26,143.12,140165166,TLT
91,2021-02-19,143.27,52470815,TLT
92,2021-02-12,147.11,50053019,TLT
93,2021-02-05,148.03,45479933,TLT
94,2021-01-29,152.0,49932176,TLT
95,2021-01-22,151.88,32616383,TLT
96,2021-01-15,151.82,59294510,TLT
97,2021-01-08,151.32,74712921,TLT
98,2020-12-31,157.73,33657703,TLT
99,2020-12-24,157.29,28750437,TLT
100,2020-12-18,156.33,40265709,TLT
101,2020-12-11,158.77,42624651,TLT
102,2020-12-04,155.2,61199137,TLT
103,2020-11-27,160.22,36047581,TLT
104,2020-11-20,161.51,41958984,TLT
105,2020-11-13,158.16,65041350,TLT
106,2020-11-06,159.41,79555986,TLT
107,2020-10-30,157.57,50083768,TLT
108,2020-10-23,158.01,52379658,TLT
109,2020-10-16,161.39,36710530,TLT
110,2020-10-09,160.09,63448033,TLT
111,2020-10-02,162.75,48092457,TLT
112,2020-09-25,165.12,41254523,TLT
113,2020-09-18,163.57,35080563,TLT
114,2020-09-11,164.48,37655390,TLT
115,2020-09-04,162.74,67340397,TLT
116,2020-08-28,161.12,53561100,TLT
117,2020-08-21,166.2,44630763,TLT
118,2020-08-14,163.18,56531392,TLT
119,2020-08-07,169.88,43559483,TLT
120,2020-07-31,171.0,39663573,TLT
121,2020-07-24,169.74,39947353,TLT
122,2020-07-17,166.78,44898836,TLT
123,2020-07-10,166.33,49871701,TLT
124,2020-07-02,163.59,42898140,TLT
125,2020-06-26,165.25,52932336,TLT
126,2020-06-19,162.39,44833187,TLT
127,2020-06-12,162.3,59380269,TLT
128,2020-06-05,156.11,68943209,TLT
129,2020-05-29,163.59,41084525,TLT
130,2020-05-22,165.55,43473473,TLT
131,2020-05-15,166.71,49382666,TLT
132,2020-05-08,163.98,48150286,TLT
133,2020-05-01,167.95,49379960,TLT
134,2020-04-24,170.84,32724247,TLT
135,2020-04-17,167.81,44675113,TLT
136,2020-04-09,165.39,47654517,TLT
137,2020-04-03,168.5,48614905,TLT
138,2020-03-27,167.7,65797524,TLT
139,2020-03-20,159.43,135734690,TLT
140,2020-03-13,153.94,153049833,TLT
141,2020-03-06,166.77,184298654,TLT
142,2020-02-28,155.31,135030421,TLT
143,2020-02-21,148.04,35814254,TLT
144,2020-02-14,144.55,35099695,TLT
145,2020-02-07,144.43,55539142,TLT
146,2020-01-31,145.9,60365697,TLT
147,2020-01-24,142.08,30858352,TLT
148,2020-01-17,138.02,42668439,TLT
149,2020-01-10,138.44,46642948,TLT
150,2020-01-03,139.12,42088648,TLT
151,2019-12-27,137.32,22434281,TLT
152,2019-12-20,136.65,33632720,TLT
153,2019-12-13,139.04,41564186,TLT
154,2019-12-06,138.35,54823546,TLT
155,2019-11-29,140.42,18787152,TLT
156,2019-11-22,139.9,32395156,TLT
157,2019-11-15,137.76,32034132,TLT
158,2019-11-08,134.91,63425270,TLT
159,2019-11-01,140.56,54874063,TLT
160,2019-10-25,138.52,33379271,TLT
161,2019-10-18,139.58,40261434,TLT
162,2019-10-11,140.44,78795361,TLT
163,2019-10-04,145.99,63640346,TLT
164,2019-09-27,142.73,64033719,TLT
165,2019-09-20,141.89,58177938,TLT
166,2019-09-13,136.54,78741299,TLT
167,2019-09-06,145.79,52477914,TLT
168,2019-08-30,147.28,56032150,TLT
169,2019-08-23,145.96,60513430,TLT
170,2019-08-16,146.13,86645039,TLT
171,2019-08-09,140.05,89244351,TLT
172,2019-08-02,136.51,69517122,TLT
173,2019-07-26,131.47,34784857,TLT
174,2019-07-19,131.69,33421350,TLT
175,2019-07-12,130.22,43295204,TLT
176,2019-07-05,132.43,42197408,TLT
177,2019-06-28,132.81,46623673,TLT
178,2019-06-21,131.43,53546288,TLT
179,2019-06-14,131.46,30082657,TLT
180,2019-06-07,131.74,61887420,TLT
181,2019-05-31,131.83,53317837,TLT
182,2019-05-24,127.78,30466166,TLT
183,2019-05-17,125.99,38172047,TLT
184,2019-05-10,124.75,35825522,TLT
185,2019-05-03,123.66,45380759,TLT
186,2019-04-26,123.81,31114803,TLT
187,2019-04-18,122.9,45705988,TLT
188,2019-04-12,122.67,34671525,TLT
189,2019-04-05,124.03,50459311,TLT
190,2019-03-29,126.44,51430901,TLT
191,2019-03-22,124.86,39496967,TLT
192,2019-03-15,121.75,28457738,TLT
193,2019-03-08,121.57,38875347,TLT
194,2019-03-01,118.66,43134384,TLT
195,2019-02-22,121.57,24086153,TLT
196,2019-02-15,121.98,28446438,TLT
197,2019-02-08,122.35,35800115,TLT
198,2019-02-01,120.96,46625311,TLT
199,2019-01-25,120.53,28240340,TLT
200,2019-01-18,119.56,44036276,TLT
201,2019-01-11,120.93,39594246,TLT
202,2019-01-04,122.11,71407769,TLT
203,2018-12-28,121.05,42103782,TLT
204,2018-12-21,120.72,71280990,TLT
205,2018-12-14,118.48,36765379,TLT
206,2018-12-07,118.41,51792307,TLT
207,2018-11-30,115.33,36802894,TLT
208,2018-11-23,115.14,21338927,TLT
209,2018-11-16,114.7,39173480,TLT
210,2018-11-09,113.35,30603925,TLT
211,2018-11-02,112.0,43741421,TLT
212,2018-10-26,114.99,60778866,TLT
213,2018-10-19,113.71,34410564,TLT
214,2018-10-12,114.47,55557975,TLT
215,2018-10-05,113.04,85842625,TLT
216,2018-09-28,117.27,40235766,TLT
217,2018-09-21,117.1,43826080,TLT
218,2018-09-14,118.55,25586071,TLT
219,2018-09-07,119.13,48544837,TLT
220,2018-08-31,121.0,31930474,TLT
221,2018-08-24,122.29,27029898,TLT
222,2018-08-17,120.98,28762511,TLT
223,2018-08-10,120.66,30790994,TLT
224,2018-08-03,119.22,37834805,TLT
225,2018-07-27,119.46,39345522,TLT
226,2018-07-20,120.76,32247833,TLT
227,2018-07-13,122.72,27485279,TLT
228,2018-07-06,122.75,22011043,TLT
229,2018-06-29,121.72,40261862,TLT
230,2018-06-22,120.53,29224448,TLT
231,2018-06-15,120.38,39798563,TLT
232,2018-06-08,119.53,40634634,TLT
233,2018-06-01,120.3,52773177,TLT
234,2018-05-25,119.62,35470208,TLT
235,2018-05-18,117.21,41352401,TLT
236,2018-05-11,119.23,28946576,TLT
237,2018-05-04,118.99,31573265,TLT
238,2018-04-27,118.89,33798456,TLT
239,2018-04-20,118.46,35675255,TLT
240,2018-04-13,120.9,29844205,TLT
241,2018-04-06,121.1,44980791,TLT
242,2018-03-29,121.9,34513316,TLT
243,2018-03-23,120.17,43066535,TLT
244,2018-03-16,119.81,36274354,TLT
245,2018-03-09,117.91,29229058,TLT
246,2018-03-02,118.35,52960913,TLT
247,2018-02-23,118.13,38713839,TLT
248,2018-02-16,118.71,47821985,TLT
249,2018-02-09,117.94,86629413,TLT
250,2018-02-02,119.58,84909774,TLT
251,2018-01-26,123.59,48985963,TLT
252,2018-01-19,123.06,39671064,TLT
253,2018-01-12,124.52,61877712,TLT
254,2018-01-05,125.71,44976640,TLT
255,2017-12-29,126.86,25105880,TLT
256,2017-12-22,124.77,39292720,TLT
257,2017-12-15,128.35,34023484,TLT
258,2017-12-08,126.69,50245808,TLT
259,2017-12-01,126.55,60823155,TLT
260,2017-11-24,126.8,17332867,TLT
261,2017-11-17,126.39,34478574,TLT
262,2017-11-10,124.1,34287098,TLT
263,2017-11-03,125.64,40623126,TLT
264,2017-10-27,123.24,42335671,TLT
265,2017-10-20,123.98,37944145,TLT
266,2017-10-13,125.85,29532139,TLT
267,2017-10-06,123.59,40082803,TLT
268,2017-09-29,124.76,49245779,TLT
269,2017-09-22,126.2,32263489,TLT
270,2017-09-15,126.86,48597875,TLT
271,2017-09-08,129.0,47714995,TLT
272,2017-09-01,126.75,38950279,TLT
273,2017-08-25,127.32,34129598,TLT
274,2017-08-18,126.62,35615233,TLT
275,2017-08-11,126.43,36199814,TLT
276,2017-08-04,124.93,39697062,TLT
277,2017-07-28,123.89,35463906,TLT
278,2017-07-21,125.69,37482118,TLT
279,2017-07-14,123.33,30140770,TLT
280,2017-07-07,122.72,42670519,TLT
281,2017-06-30,125.12,40559608,TLT
282,2017-06-23,127.78,30899808,TLT
283,2017-06-16,126.35,41826889,TLT
284,2017-06-09,124.4,46358462,TLT
285,2017-06-02,125.62,35101830,TLT
286,2017-05-26,123.48,28861459,TLT
287,2017-05-19,123.71,42760271,TLT
288,2017-05-12,121.39,35055675,TLT
289,2017-05-05,121.29,39769277,TLT
290,2017-04-28,122.35,35099460,TLT
291,2017-04-21,123.54,44620148,TLT
292,2017-04-13,123.47,36540979,TLT
293,2017-04-07,120.71,45289611,TLT
294,2017-03-31,120.71,32167945,TLT
295,2017-03-24,120.88,42265883,TLT
296,2017-03-17,118.64,46747720,TLT
297,2017-03-10,117.25,42699597,TLT
298,2017-03-03,119.35,47883918,TLT
299,2017-02-24,122.01,33472050,TLT
300,2017-02-17,120.32,51120523,TLT
301,2017-02-10,120.76,57455441,TLT
302,2017-02-03,119.0,48097692,TLT
303,2017-01-27,119.63,47654155,TLT
304,2017-01-20,119.94,45666798,TLT
305,2017-01-13,121.31,46457187,TLT
306,2017-01-06,120.86,41552033,TLT
307,2016-12-30,119.13,32050446,TLT
308,2016-12-23,118.05,32162960,TLT
309,2016-12-16,117.14,65629024,TLT
310,2016-12-09,117.5,60706535,TLT
311,2016-12-02,119.6,72284707,TLT
312,2016-11-25,120.82,33167770,TLT
313,2016-11-18,120.85,67086911,TLT
314,2016-11-11,122.04,77198063,TLT
315,2016-11-04,131.74,42044055,TLT
316,2016-10-28,130.45,35070380,TLT
317,2016-10-21,133.31,39993187,TLT
318,2016-10-14,131.59,41837656,TLT
319,2016-10-07,133.92,46348327,TLT
320,2016-09-30,137.51,46137407,TLT
321,2016-09-23,136.82,42213853,TLT
322,2016-09-16,134.75,49521757,TLT
323,2016-09-09,135.52,41613581,TLT
324,2016-09-02,138.63,37367942,TLT
325,2016-08-26,138.36,37236899,TLT
326,2016-08-19,138.71,25614796,TLT
327,2016-08-12,140.08,32146149,TLT
328,2016-08-05,138.0,38215734,TLT
329,2016-07-29,141.56,34098146,TLT
330,2016-07-22,138.8,37182107,TLT
331,2016-07-15,138.39,52867002,TLT
332,2016-07-08,143.6,43225289,TLT
333,2016-07-01,140.57,74708761,TLT
334,2016-06-24,135.78,45329547,TLT
335,2016-06-17,135.61,43517134,TLT
336,2016-06-10,134.78,31371953,TLT
337,2016-06-03,133.23,35131879,TLT
338,2016-05-27,129.85,30002299,TLT
339,2016-05-20,130.15,33825400,TLT
340,2016-05-13,132.28,33333364,TLT
341,2016-05-06,130.45,44085915,TLT
342,2016-04-29,129.38,37150411,TLT
343,2016-04-22,128.36,37600290,TLT
344,2016-04-15,131.88,27087511,TLT
345,2016-04-08,132.01,29570207,TLT
346,2016-04-01,130.68,40107978,TLT
347,2016-03-24,129.54,27484276,TLT
348,2016-03-18,129.06,37323180,TLT
349,2016-03-11,127.36,38882432,TLT
350,2016-03-04,128.6,43875276,TLT
351,2016-02-26,130.41,37808418,TLT
352,2016-02-19,131.01,43308745,TLT
353,2016-02-12,131.5,77989963,TLT
354,2016-02-05,128.72,52811684,TLT
355,2016-01-29,127.3,43134641,TLT
356,2016-01-22,125.34,47375835,TLT
357,2016-01-15,125.75,65365634,TLT
358,2016-01-08,123.36,45530845,TLT
359,2015-12-31,120.58,28780625,TLT
360,2015-12-24,121.83,23592407,TLT
361,2015-12-18,123.23,50539770,TLT
362,2015-12-11,123.76,43174542,TLT
363,2015-12-04,120.58,53748168,TLT
364,2015-11-27,120.97,14659285,TLT
365,2015-11-20,120.45,28456195,TLT
366,2015-11-13,119.68,33442225,TLT
367,2015-11-06,119.0,41526554,TLT
368,2015-10-30,122.78,45454589,TLT
369,2015-10-23,123.2,33265832,TLT
370,2015-10-16,123.93,35098969,TLT
371,2015-10-09,122.28,45683688,TLT
372,2015-10-02,124.56,50741898,TLT
373,2015-09-25,121.54,44813107,TLT
374,2015-09-18,122.1,57873408,TLT
375,2015-09-11,121.39,27171954,TLT
376,2015-09-04,122.68,48424834,TLT
377,2015-08-28,122.36,67521243,TLT
378,2015-08-21,126.39,43432390,TLT
379,2015-08-14,123.96,39078783,TLT
380,2015-08-07,124.34,40211923,TLT
381,2015-07-31,122.53,39331618,TLT
382,2015-07-24,121.39,34192952,TLT
383,2015-07-17,118.72,35666368,TLT
384,2015-07-10,116.05,61463229,TLT
385,2015-07-02,116.07,49735529,TLT
386,2015-06-26,115.23,47275273,TLT
387,2015-06-19,119.08,49429185,TLT
388,2015-06-12,117.97,51623813,TLT
389,2015-06-05,117.6,60054561,TLT
390,2015-05-29,122.71,31109511,TLT
391,2015-05-22,120.4,43611917,TLT
392,2015-05-15,121.59,67119336,TLT
393,2015-05-08,122.51,61085289,TLT
394,2015-05-01,124.0,48608496,TLT
395,2015-04-24,129.07,30837206,TLT
396,2015-04-17,131.45,28865585,TLT
397,2015-04-10,129.62,27394794,TLT
398,2015-04-02,130.73,29792212,TLT
399,2015-03-27,131.06,35348507,TLT
400,2015-03-20,131.51,42168021,TLT
401,2015-03-13,126.72,42373147,TLT
402,2015-03-06,123.5,52469763,TLT
403,2015-02-27,129.53,47724292,TLT
404,2015-02-20,126.54,50065328,TLT
405,2015-02-13,128.19,43696192,TLT
406,2015-02-06,130.96,61079199,TLT
407,2015-01-30,138.28,50028978,TLT
408,2015-01-23,134.77,35097226,TLT
409,2015-01-16,133.19,48088244,TLT
410,2015-01-09,131.07,55337799,TLT
411,2015-01-02,127.32,22868576,TLT
412,2014-12-26,124.41,19317626,TLT
413,2014-12-19,125.87,49025309,TLT
414,2014-12-12,126.3,36281535,TLT
415,2014-12-05,121.09,30635491,TLT
416,2014-11-28,122.49,19705254,TLT
417,2014-11-21,120.1,24313608,TLT
418,2014-11-14,119.49,20911663,TLT
419,2014-11-07,119.75,32643694,TLT
420,2014-10-31,119.25,26721178,TLT
421,2014-10-24,119.72,43404364,TLT
422,2014-10-17,121.07,81769394,TLT
423,2014-10-10,120.05,41791186,TLT
424,2014-10-03,117.7,48078816,TLT
425,2014-09-26,116.0,34956652,TLT
426,2014-09-19,114.6,48005211,TLT
427,2014-09-12,113.38,43806022,TLT
428,2014-09-05,115.73,36482107,TLT
429,2014-08-29,119.05,36495473,TLT
430,2014-08-22,117.29,37751566,TLT
431,2014-08-15,117.71,49640606,TLT
432,2014-08-08,115.52,39797406,TLT
433,2014-08-01,114.56,57183654,TLT
434,2014-07-25,115.67,28622809,TLT
435,2014-07-18,114.52,34663707,TLT
436,2014-07-11,113.58,30550775,TLT
437,2014-07-03,110.68,29169261,TLT
438,2014-06-27,113.24,35065862,TLT
439,2014-06-20,111.8,44646936,TLT
440,2014-06-13,112.15,31923357,TLT
441,2014-06-06,111.59,47056056,TLT
442,2014-05-30,114.1,34231565,TLT
443,2014-05-23,112.7,32509256,TLT
444,2014-05-16,113.54,36565614,TLT
445,2014-05-09,111.24,39644196,TLT
446,2014-05-02,112.71,44823722,TLT
447,2014-04-25,111.33,28128313,TLT
448,2014-04-17,110.05,26040570,TLT
449,2014-04-11,110.73,40521721,TLT
450,2014-04-04,108.46,37357747,TLT
451,2014-03-28,109.37,35517542,TLT
452,2014-03-21,108.23,37970769,TLT
453,2014-03-14,108.52,35044395,TLT
454,2014-03-07,105.89,39649684,TLT
455,2014-02-28,108.57,31126978,TLT
456,2014-02-21,106.67,20732621,TLT
457,2014-02-14,106.58,28873455,TLT
458,2014-02-07,106.79,53469303,TLT
459,2014-01-31,108.28,47256070,TLT
460,2014-01-24,107.48,35558159,TLT
461,2014-01-17,105.48,42251058,TLT
462,2014-01-10,104.41,40926180,TLT
463,2014-01-03,102.17,24375545,TLT
464,2013-12-27,101.81,20676191,TLT
465,2013-12-20,104.25,44500793,TLT
466,2013-12-13,103.21,33591111,TLT
467,2013-12-06,102.92,35905593,TLT
468,2013-11-29,104.45,21563247,TLT
469,2013-11-22,103.91,43748247,TLT
470,2013-11-15,104.73,30775458,TLT
471,2013-11-08,103.41,43913723,TLT
472,2013-11-01,106.19,44737886,TLT
473,2013-10-25,108.29,37094557,TLT
474,2013-10-18,107.04,47748313,TLT
475,2013-10-11,105.46,36549079,TLT
476,2013-10-04,105.71,34194650,TLT
477,2013-09-27,106.56,41382192,TLT
478,2013-09-20,104.92,57309797,TLT
479,2013-09-13,103.55,36270306,TLT
480,2013-09-06,103.05,38433328,TLT
481,2013-08-30,105.99,40614823,TLT
482,2013-08-23,104.29,58512883,TLT
483,2013-08-16,103.37,47502370,TLT
484,2013-08-09,107.26,27518474,TLT
485,2013-08-02,106.52,43653267,TLT
486,2013-07-26,108.14,31079802,TLT
487,2013-07-19,109.2,31746861,TLT
488,2013-07-12,107.72,38230126,TLT
489,2013-07-05,106.26,29188018,TLT
490,2013-06-28,110.44,73290254,TLT
491,2013-06-21,108.4,75991199,TLT
492,2013-06-14,113.82,50110100,TLT
493,2013-06-07,113.16,50508736,TLT
494,2013-05-31,114.45,53058565,TLT
495,2013-05-24,116.8,46547467,TLT
496,2013-05-17,117.06,47790376,TLT
497,2013-05-10,118.75,35117005,TLT
498,2013-05-03,120.93,35573162,TLT
499,2013-04-26,123.39,25431358,TLT
500,2013-04-19,122.83,41006265,TLT
501,2013-04-12,121.93,42714793,TLT
502,2013-04-05,122.82,49070757,TLT
503,2013-03-28,117.76,24502203,TLT
504,2013-03-22,117.33,42125173,TLT
505,2013-03-15,115.76,41476818,TLT
506,2013-03-08,114.75,41515288,TLT
507,2013-03-01,118.9,47039489,TLT
508,2013-02-22,117.03,30601495,TLT
509,2013-02-15,116.5,27737410,TLT
510,2013-02-08,117.12,33413951,TLT
511,2013-02-01,115.54,38915314,TLT
512,2013-01-25,118.03,19652263,TLT
513,2013-01-18,120.04,24384982,TLT
514,2013-01-11,119.85,22804674,TLT
515,2013-01-04,118.4,33474174,TLT
516,2012-12-28,123.31,11509694,TLT
517,2012-12-21,122.25,34430017,TLT
518,2012-12-14,123.6,23246051,TLT
519,2012-12-07,124.43,16314009,TLT
520,2012-11-30,124.79,15376188,TLT
521,2012-11-23,124.21,11690688,TLT
522,2012-11-16,126.37,19771076,TLT
523,2012-11-09,125.98,31104679,TLT
524,2012-11-02,122.26,12212928,TLT
525,2012-10-26,122.64,30677268,TLT
526,2012-10-19,121.74,31541398,TLT
527,2012-10-12,123.97,21879669,TLT
528,2012-10-05,121.15,26737907,TLT
529,2012-09-28,124.22,29033461,TLT
530,2012-09-21,121.55,25588815,TLT
531,2012-09-14,118.3,44628010,TLT
532,2012-09-07,124.03,23115070,TLT
533,2012-08-31,127.72,24159323,TLT
534,2012-08-24,124.81,36732462,TLT
535,2012-08-17,121.6,42105980,TLT
536,2012-08-10,125.7,29759803,TLT
537,2012-08-03,127.42,38500194,TLT
538,2012-07-27,128.48,39508307,TLT
539,2012-07-20,130.06,26475670,TLT
540,2012-07-13,129.17,26492086,TLT
541,2012-07-06,127.06,25383761,TLT
542,2012-06-29,125.2,31473653,TLT
543,2012-06-22,125.02,46253237,TLT
544,2012-06-15,126.4,46824876,TLT
545,2012-06-08,125.21,75106315,TLT
546,2012-06-01,130.36,77744841,TLT
547,2012-05-25,123.4,48783456,TLT
548,2012-05-18,124.2,47014864,TLT
549,2012-05-11,119.5,26645415,TLT
550,2012-05-04,118.14,24868938,TLT
551,2012-04-27,117.29,26313198,TLT
552,2012-04-20,117.07,27625388,TLT
553,2012-04-13,116.84,55124846,TLT
554,2012-04-05,112.91,40178018,TLT
555,2012-03-30,112.2,40136976,TLT
556,2012-03-23,113.21,50167673,TLT
557,2012-03-16,111.43,71789775,TLT
558,2012-03-09,115.97,33746620,TLT
559,2012-03-02,117.15,47966498,TLT
560,2012-02-24,117.5,26908571,TLT
561,2012-02-17,116.58,36913705,TLT
562,2012-02-10,116.99,41253913,TLT
563,2012-02-03,116.57,42375954,TLT
564,2012-01-27,118.08,38722079,TLT
565,2012-01-20,116.98,26427367,TLT
566,2012-01-13,120.88,40171800,TLT
567,2012-01-06,118.73,31308066,TLT
568,2011-12-30,121.25,22825939,TLT
569,2011-12-23,118.27,44046827,TLT
570,2011-12-16,122.32,40638663,TLT
571,2011-12-09,116.71,41603111,TLT
572,2011-12-02,118.64,45832153,TLT
573,2011-11-25,120.8,29652991,TLT
574,2011-11-18,119.34,41010352,TLT
575,2011-11-11,115.65,43951710,TLT
576,2011-11-04,116.48,68792278,TLT
577,2011-10-28,111.46,60484400,TLT
578,2011-10-21,113.13,46526467,TLT
579,2011-10-14,113.95,44795302,TLT
580,2011-10-07,118.24,68702999,TLT
581,2011-09-30,120.8,67230240,TLT
582,2011-09-23,120.83,78295990,TLT
583,2011-09-16,112.24,47769646,TLT
584,2011-09-09,113.71,48514429,TLT
585,2011-09-02,112.51,55701971,TLT
586,2011-08-26,108.49,65867657,TLT
587,2011-08-19,111.2,84933948,TLT
588,2011-08-12,105.57,177742206,TLT
589,2011-08-05,102.32,132106242,TLT
590,2011-07-29,97.92,56437449,TLT
591,2011-07-22,96.05,49177017,TLT
592,2011-07-15,96.17,50514662,TLT
593,2011-07-08,95.37,29221037,TLT
594,2011-07-01,93.63,51243119,TLT
595,2011-06-24,96.98,36560811,TLT
596,2011-06-17,96.9,47775600,TLT
597,2011-06-10,97.14,41251700,TLT
598,2011-06-03,96.33,46133100,TLT
599,2011-05-27,96.47,31212100,TLT
600,2011-05-20,95.32,37242800,TLT
601,2011-05-13,95.08,31664000,TLT
602,2011-05-06,95.07,38229500,TLT
603,2011-04-29,93.89,34012700,TLT
604,2011-04-21,92.6,27451500,TLT
605,2011-04-15,92.67,39212300,TLT
606,2011-04-08,89.88,40382400,TLT
607,2011-04-01,92.19,33047000,TLT
608,2011-03-25,92.17,41730400,TLT
609,2011-03-18,93.46,63742600,TLT
610,2011-03-11,91.55,46719200,TLT
611,2011-03-04,90.81,46181400,TLT
612,2011-02-25,92.28,45380900,TLT
613,2011-02-18,89.49,36591000,TLT
614,2011-02-11,89.46,53907800,TLT
615,2011-02-04,88.81,63738600,TLT
616,2011-01-28,91.92,57323100,TLT
617,2011-01-21,91.52,42839500,TLT
618,2011-01-14,91.835,50776600,TLT
619,2011-01-07,92.35,63846400,TLT
620,2010-12-31,94.12,47919300,TLT
621,2010-12-23,92.93,36221300,TLT
622,2010-12-17,93.24,96789000,TLT
623,2010-12-10,93.15,69366400,TLT
624,2010-12-03,94.89,55852300,TLT
625,2010-11-26,97.07,36296900,TLT
626,2010-11-19,96.59,65579900,TLT
627,2010-11-12,95.81,55504900,TLT
628,2010-11-05,97.98,63681700,TLT
629,2010-10-29,100.42,38115900,TLT
630,2010-10-22,101.38,30732300,TLT
631,2010-10-15,100.27,39404700,TLT
632,2010-10-08,104.22,31300000,TLT
633,2010-10-01,104.61,40818400,TLT
634,2010-09-24,103.5,42525900,TLT
635,2010-09-17,101.67,47271800,TLT
636,2010-09-10,102.32,28216000,TLT
637,2010-09-03,103.58,43791300,TLT
638,2010-08-27,105.35,50025900,TLT
639,2010-08-20,106.04,42623400,TLT
640,2010-08-13,102.29,36041500,TLT
641,2010-08-06,100.1,23699700,TLT
642,2010-07-30,100.48,29680300,TLT
643,2010-07-23,99.78,29295400,TLT
644,2010-07-16,100.8,29830400,TLT
645,2010-07-09,99.22,22894800,TLT
646,2010-07-02,100.79,39166900,TLT
647,2010-06-25,99.05,31870500,TLT
648,2010-06-18,97.69,24064200,TLT
649,2010-06-11,97.41,28738800,TLT
650,2010-06-04,97.79,27171700,TLT
651,2010-05-28,96.5,46777300,TLT
652,2010-05-21,98.43,66665000,TLT
653,2010-05-14,94.88,40146200,TLT
654,2010-05-07,95.58,65804500,TLT
655,2010-04-30,92.13,37324600,TLT
656,2010-04-23,90.11,17276100,TLT
657,2010-04-16,89.86,21602500,TLT
658,2010-04-09,88.98,21735400,TLT
659,2010-04-01,88.95,13676000,TLT
660,2010-03-26,88.95,25790700,TLT
661,2010-03-19,91.26,15077200,TLT
662,2010-03-12,90.48,14360400,TLT
663,2010-03-05,90.27,13029800,TLT
664,2010-02-26,91.67,21337100,TLT
665,2010-02-19,89.45,15433400,TLT
666,2010-02-12,90.19,21165300,TLT
667,2010-02-05,91.98,24960500,TLT
668,2010-01-29,92.31,16872100,TLT
669,2010-01-22,92.0,13326500,TLT
670,2010-01-15,91.08,19589100,TLT
671,2010-01-08,89.29,15474200,TLT
672,2009-12-31,89.89,10949400,TLT
673,2009-12-24,89.71,10637700,TLT
674,2009-12-18,92.79,16894300,TLT
675,2009-12-11,92.09,16146800,TLT
676,2009-12-04,93.34,19344200,TLT
677,2009-11-27,96.4,11152900,TLT
678,2009-11-20,95.12,17869800,TLT
679,2009-11-13,93.92,11044300,TLT
680,2009-11-06,93.33,19517100,TLT
681,2009-10-30,95.78,22952400,TLT
682,2009-10-23,94.95,14999800,TLT
683,2009-10-16,95.45,17700900,TLT
684,2009-10-09,95.9,24444800,TLT
685,2009-10-02,99.01,20713400,TLT
686,2009-09-25,97.98,19343100,TLT
687,2009-09-18,95.76,13685000,TLT
688,2009-09-11,96.7,14894800,TLT
689,2009-09-04,95.21,16895800,TLT
690,2009-08-28,96.51,15632200,TLT
691,2009-08-21,93.77,19186800,TLT
692,2009-08-14,93.35,19889800,TLT
693,2009-08-07,90.49,19091500,TLT
694,2009-07-31,94.81,18728600,TLT
695,2009-07-24,91.45,15902600,TLT
696,2009-07-17,91.24,18968500,TLT
697,2009-07-10,96.23,21615300,TLT
698,2009-07-02,94.3,14103600,TLT
699,2009-06-26,94.59,27050000,TLT
700,2009-06-19,91.69,28636600,TLT
701,2009-06-12,89.97,39571900,TLT
702,2009-06-05,89.84,32656000,TLT
703,2009-05-29,94.17,25694300,TLT
704,2009-05-22,93.53,15939800,TLT
705,2009-05-15,98.04,10400900,TLT
706,2009-05-08,94.94,13610200,TLT
707,2009-05-01,97.11,13930000,TLT
708,2009-04-24,100.57,9419900,TLT
709,2009-04-17,101.7,7073500,TLT
710,2009-04-09,102.35,4827300,TLT
711,2009-04-03,102.92,10861200,TLT
712,2009-03-27,104.56,14362900,TLT
713,2009-03-20,103.92,22051200,TLT
714,2009-03-13,102.73,13837500,TLT
715,2009-03-06,104.26,17253600,TLT
716,2009-02-27,101.88,16672700,TLT
717,2009-02-20,103.92,13073900,TLT
718,2009-02-13,102.41,13099500,TLT
719,2009-02-06,102.29,11799000,TLT
720,2009-01-30,103.75,16364200,TLT
721,2009-01-23,107.69,12799200,TLT
722,2009-01-16,114.3,12547000,TLT
723,2009-01-09,112.73,17401600,TLT
724,2009-01-02,116.35,10208700,TLT
725,2008-12-26,121.3,5139400,TLT
726,2008-12-19,122.26,19240800,TLT
727,2008-12-12,112.37,11553900,TLT
728,2008-12-05,110.48,17654900,TLT
729,2008-11-28,105.72,7784000,TLT
730,2008-11-21,102.92,12214600,TLT
731,2008-11-14,95.17,5938700,TLT
732,2008-11-07,94.26,6848900,TLT
733,2008-10-31,92.83,8393900,TLT
734,2008-10-24,96.73,6757700,TLT
735,2008-10-17,93.87,7836600,TLT
736,2008-10-10,95.95,12249900,TLT
737,2008-10-03,97.4,10760700,TLT
738,2008-09-26,94.5,11851200,TLT
739,2008-09-19,93.97,28303100,TLT
740,2008-09-12,94.94,19454500,TLT
741,2008-09-05,95.48,12238600,TLT
742,2008-08-29,93.84,8480100,TLT
743,2008-08-22,93.08,9963900,TLT
744,2008-08-15,93.04,11764900,TLT
745,2008-08-08,92.0,11161600,TLT
746,2008-08-01,91.54,9996000,TLT
747,2008-07-25,90.14,15582900,TLT
748,2008-07-18,90.45,21487800,TLT
749,2008-07-11,92.16,15476600,TLT
750,2008-07-03,92.07,11366900,TLT
751,2008-06-27,92.32,16161200,TLT
752,2008-06-20,89.81,12340400,TLT
753,2008-06-13,88.87,12409400,TLT
754,2008-06-06,90.76,14834100,TLT
755,2008-05-30,90.28,11053500,TLT
756,2008-05-23,91.77,9234200,TLT
757,2008-05-16,91.84,10738500,TLT
758,2008-05-09,92.5,14116800,TLT
759,2008-05-02,91.61,11937800,TLT
760,2008-04-25,91.82,10782200,TLT
761,2008-04-18,92.77,14927700,TLT
762,2008-04-11,95.67,10254800,TLT
763,2008-04-04,95.2,14746600,TLT
764,2008-03-28,95.55,13437600,TLT
765,2008-03-20,97.181,16463900,TLT
766,2008-03-14,95.0,23579400,TLT
767,2008-03-07,92.23,14253100,TLT
768,2008-02-29,94.23,15807100,TLT
769,2008-02-22,92.02,11618600,TLT
770,2008-02-15,91.88,20748200,TLT
771,2008-02-08,93.7,13916500,TLT
772,2008-02-01,95.23,23806400,TLT
773,2008-01-25,95.95,23107900,TLT
774,2008-01-18,95.49,11463800,TLT
775,2008-01-11,94.2,9678500,TLT
776,2008-01-04,94.27,8284100,TLT
777,2007-12-28,92.48,3661400,TLT
778,2007-12-21,91.67,9142700,TLT
779,2007-12-14,90.61,9937300,TLT
780,2007-12-07,91.75,9301100,TLT
781,2007-11-30,94.38,13162000,TLT
782,2007-11-23,93.73,4446900,TLT
783,2007-11-16,92.41,4908300,TLT
784,2007-11-09,91.33,6120200,TLT
785,2007-11-02,91.04,9310200,TLT
786,2007-10-26,90.5,10171100,TLT
787,2007-10-19,90.46,7721700,TLT
788,2007-10-12,87.63,4703900,TLT
789,2007-10-05,88.28,6765200,TLT
790,2007-09-28,88.72,10161100,TLT
791,2007-09-21,87.89,16393700,TLT
792,2007-09-14,90.03,14256700,TLT
793,2007-09-07,90.3,6823100,TLT
794,2007-08-31,88.88,10141000,TLT
795,2007-08-24,87.85,6937100,TLT
796,2007-08-17,86.75,8253600,TLT
797,2007-08-10,86.08,13776100,TLT
798,2007-08-03,87.93,10083200,TLT
799,2007-07-27,87.26,11244800,TLT
800,2007-07-20,85.96,6003900,TLT
801,2007-07-13,84.26,6911800,TLT
802,2007-07-06,83.48,10223800,TLT
803,2007-06-29,85.17,15195300,TLT
804,2007-06-22,83.76,28325700,TLT
805,2007-06-15,83.69,29050800,TLT
806,2007-06-08,83.8,13470300,TLT
807,2007-06-01,85.59,5087900,TLT
808,2007-05-25,86.37,5008900,TLT
809,2007-05-18,86.93,2550600,TLT
810,2007-05-11,88.19,3091400,TLT
811,2007-05-04,88.6,2105800,TLT
812,2007-04-27,87.83,4346400,TLT
813,2007-04-20,88.15,4509000,TLT
814,2007-04-13,87.12,3487400,TLT
815,2007-04-05,87.75,2209900,TLT
816,2007-03-30,88.28,5038400,TLT
817,2007-03-23,88.79,6139700,TLT
818,2007-03-16,89.85,3865000,TLT
819,2007-03-09,89.4,5367400,TLT
820,2007-03-02,90.16,9752200,TLT
821,2007-02-23,88.84,2448100,TLT
822,2007-02-16,88.64,6411200,TLT
823,2007-02-09,87.63,3860700,TLT
824,2007-02-02,87.2,6189300,TLT
825,2007-01-26,86.91,4966300,TLT
826,2007-01-19,87.99,3227800,TLT
827,2007-01-12,88.04,3555100,TLT
828,2007-01-05,89.22,4865800,TLT
829,2006-12-29,88.43,3192600,TLT
830,2006-12-22,89.39,3912800,TLT
831,2006-12-15,89.73,4598100,TLT
832,2006-12-08,90.24,6060000,TLT
833,2006-12-01,91.42,6041800,TLT
834,2006-11-24,90.62,2766000,TLT
835,2006-11-17,89.95,6428400,TLT
836,2006-11-10,89.86,3227900,TLT
837,2006-11-03,88.42,5693300,TLT
838,2006-10-27,88.87,5162200,TLT
839,2006-10-20,87.55,3206000,TLT
840,2006-10-13,87.16,5755700,TLT
841,2006-10-06,88.27,6936300,TLT
842,2006-09-29,89.41,9167800,TLT
843,2006-09-22,89.61,6055600,TLT
844,2006-09-15,87.46,3895400,TLT
845,2006-09-08,87.33,6381100,TLT
846,2006-09-01,87.76,5274200,TLT
847,2006-08-25,87.44,4003100,TLT
848,2006-08-18,86.77,4568000,TLT
849,2006-08-11,85.4,3334200,TLT
850,2006-08-04,86.32,3176800,TLT
851,2006-07-28,85.7,3124500,TLT
852,2006-07-21,85.33,4374800,TLT
853,2006-07-14,85.04,4236500,TLT
854,2006-07-07,84.29,3814300,TLT
855,2006-06-30,84.32,4164800,TLT
856,2006-06-23,83.42,3742100,TLT
857,2006-06-16,84.31,6335300,TLT
858,2006-06-09,85.72,8768900,TLT
859,2006-06-02,84.79,4965900,TLT
860,2006-05-26,84.21,6349600,TLT
861,2006-05-19,84.43,9349100,TLT
862,2006-05-12,82.65,5322400,TLT
863,2006-05-05,83.6,6671100,TLT
864,2006-04-28,83.83,7277400,TLT
865,2006-04-21,84.8,8657200,TLT
866,2006-04-13,84.44,7885800,TLT
867,2006-04-07,85.1,6916000,TLT
868,2006-03-31,86.54,4953400,TLT
869,2006-03-24,89.09,3166900,TLT
870,2006-03-17,88.85,5367000,TLT
871,2006-03-10,88.28,5119300,TLT
872,2006-03-03,89.33,4797300,TLT
873,2006-02-24,91.05,1766300,TLT
874,2006-02-17,90.95,2934300,TLT
875,2006-02-10,90.3,3354500,TLT
876,2006-02-03,90.85,3790000,TLT
877,2006-01-27,90.51,4080900,TLT
878,2006-01-20,92.38,2409600,TLT
879,2006-01-13,92.03,2624700,TLT
880,2006-01-06,91.72,3427400,TLT
881,2005-12-30,91.9,3655300,TLT
882,2005-12-23,91.8,3887400,TLT
883,2005-12-16,90.7,3083000,TLT
884,2005-12-09,89.54,3580100,TLT
885,2005-12-02,89.5,5376400,TLT
886,2005-11-25,90.51,2720000,TLT
887,2005-11-18,90.14,5629500,TLT
888,2005-11-11,89.49,5547600,TLT
889,2005-11-04,88.12,4827500,TLT
890,2005-10-28,89.61,6415600,TLT
891,2005-10-21,91.43,4904300,TLT
892,2005-10-14,90.23,4363700,TLT
893,2005-10-07,91.84,5047700,TLT
894,2005-09-30,92.2,4270400,TLT
895,2005-09-23,92.61,5146400,TLT
896,2005-09-16,92.1,6085400,TLT
897,2005-09-09,94.0,2854900,TLT
898,2005-09-02,95.16,5774000,TLT
899,2005-08-26,94.47,3776300,TLT
900,2005-08-19,93.78,4816600,TLT
901,2005-08-12,93.31,5867400,TLT
902,2005-08-05,91.66,5511200,TLT
903,2005-07-29,93.11,3517300,TLT
904,2005-07-22,93.55,9755000,TLT
905,2005-07-15,93.97,4551300,TLT
906,2005-07-08,94.63,4867500,TLT
907,2005-07-01,95.2,8250500,TLT
908,2005-06-24,96.39,3832600,TLT
909,2005-06-17,94.33,7524200,TLT
910,2005-06-10,94.89,5941700,TLT
911,2005-06-03,95.25,13063700,TLT
912,2005-05-27,93.84,6153200,TLT
913,2005-05-20,93.44,4529000,TLT
914,2005-05-13,92.8,4237100,TLT
915,2005-05-06,91.06,8063100,TLT
916,2005-04-29,92.44,4559600,TLT
917,2005-04-22,91.47,9027100,TLT
918,2005-04-15,91.09,8662500,TLT
919,2005-04-08,88.95,3302500,TLT
920,2005-04-01,89.3,7829000,TLT
921,2005-03-24,88.27,6136500,TLT
922,2005-03-18,88.67,5614700,TLT
923,2005-03-11,88.43,6495400,TLT
924,2005-03-04,90.51,8752700,TLT
925,2005-02-25,91.0,3416900,TLT
926,2005-02-18,90.86,6187100,TLT
927,2005-02-11,92.79,7089400,TLT
928,2005-02-04,92.65,7012100,TLT
929,2005-01-28,91.45,4805300,TLT
930,2005-01-21,91.01,3577900,TLT
931,2005-01-14,90.17,4866000,TLT
932,2005-01-07,88.54,5993600,TLT
933,2004-12-31,88.55,4826400,TLT
934,2004-12-23,88.59,1725900,TLT
935,2004-12-17,88.75,8075100,TLT
936,2004-12-10,88.85,7612000,TLT
937,2004-12-03,87.44,10905900,TLT
938,2004-11-26,88.25,2264600,TLT
939,2004-11-19,88.26,4669500,TLT
940,2004-11-12,87.87,3566100,TLT
941,2004-11-05,87.81,6822500,TLT
942,2004-10-29,89.44,5110800,TLT
943,2004-10-22,89.82,4386800,TLT
944,2004-10-15,88.67,2930200,TLT
945,2004-10-08,87.95,5802300,TLT
946,2004-10-01,87.45,8497600,TLT
947,2004-09-24,89.43,8662200,TLT
948,2004-09-17,87.92,3359900,TLT
949,2004-09-10,87.1,2056800,TLT
950,2004-09-03,86.66,5194200,TLT
951,2004-08-27,86.82,3422000,TLT
952,2004-08-20,86.54,2525000,TLT
953,2004-08-13,86.64,3415600,TLT
954,2004-08-06,86.42,3569600,TLT
955,2004-07-30,84.59,3266400,TLT
956,2004-07-23,84.95,3096500,TLT
957,2004-07-16,85.49,5379600,TLT
958,2004-07-09,84.38,3523200,TLT
959,2004-07-02,84.35,5098000,TLT
960,2004-06-25,83.13,2738600,TLT
961,2004-06-18,82.58,3901600,TLT
962,2004-06-10,81.48,2597000,TLT
963,2004-06-04,81.5,3310400,TLT
964,2004-05-28,83.1,3201100,TLT
965,2004-05-21,81.74,5936800,TLT
966,2004-05-14,81.31,8943800,TLT
967,2004-05-07,81.32,11775900,TLT
968,2004-04-30,83.64,6101300,TLT
969,2004-04-23,84.04,5051900,TLT
970,2004-04-16,84.56,6462100,TLT
971,2004-04-08,86.05,4671400,TLT
972,2004-04-02,86.71,9035200,TLT
973,2004-03-26,89.78,3729400,TLT
974,2004-03-19,90.43,6275700,TLT
975,2004-03-12,90.28,4796500,TLT
976,2004-03-05,89.64,5377300,TLT
977,2004-02-27,88.66,3252300,TLT
978,2004-02-20,87.34,3313700,TLT
979,2004-02-13,87.8,2581000,TLT
980,2004-02-06,87.38,3101800,TLT
981,2004-01-30,87.04,4380100,TLT
982,2004-01-23,87.38,2665000,TLT
983,2004-01-16,87.61,4798200,TLT
984,2004-01-09,86.95,3705200,TLT
985,2004-01-02,84.44,1620200,TLT
986,2003-12-26,86.98,1149700,TLT
987,2003-12-19,87.07,2871600,TLT
988,2003-12-12,85.51,2994700,TLT
989,2003-12-05,85.8,4867100,TLT
990,2003-11-28,85.13,1797600,TLT
991,2003-11-21,86.5,2771300,TLT
992,2003-11-14,85.92,2380400,TLT
993,2003-11-07,83.5,3066600,TLT
994,2003-10-31,85.19,5297500,TLT
995,2003-10-24,85.27,3977100,TLT
996,2003-10-17,83.54,1838400,TLT
997,2003-10-10,84.55,3555400,TLT
998,2003-10-03,85.29,5944100,TLT
999,2003-09-26,87.48,5480300,TLT
1000,2003-09-19,85.63,3730500,TLT
1001,2003-09-12,84.68,4741700,TLT
1002,2003-09-05,84.07,2909500,TLT
1003,2003-08-29,83.65,3102800,TLT
1004,2003-08-22,83.37,3442200,TLT
1005,2003-08-15,82.0,7274700,TLT
1006,2003-08-08,83.66,11016900,TLT
1007,2003-08-01,82.51,13138800,TLT
1008,2003-07-25,85.56,6193800,TLT
1009,2003-07-18,87.7,6423800,TLT
1010,2003-07-11,90.79,2232900,TLT
1011,2003-07-03,90.6,1888800,TLT
1012,2003-06-27,92.07,4275300,TLT
1013,2003-06-20,93.75,3517900,TLT
1014,2003-06-13,97.18,2244400,TLT
1015,2003-06-06,94.14,2359800,TLT
1016,2003-05-30,94.6,2807400,TLT
1017,2003-05-23,95.85,4490800,TLT
1018,2003-05-16,93.72,3533200,TLT
1019,2003-05-09,90.58,1192600,TLT
1020,2003-05-02,88.32,1014100,TLT
1021,2003-04-25,88.92,1219300,TLT
1022,2003-04-17,87.99,539500,TLT
1023,2003-04-11,87.26,1285800,TLT
1024,2003-04-04,87.05,1676300,TLT
1025,2003-03-28,87.75,1734700,TLT
1026,2003-03-21,86.05,2588100,TLT
1027,2003-03-14,89.96,2105900,TLT
1028,2003-03-07,90.56,843000,TLT
1029,2003-02-28,90.47,1769500,TLT
1030,2003-02-21,88.3,1012400,TLT
1031,2003-02-14,87.81,1726900,TLT
1032,2003-02-07,88.42,703500,TLT
1033,2003-01-31,88.06,1117500,TLT
1034,2003-01-24,87.97,610600,TLT
1035,2003-01-17,86.95,437400,TLT
1036,2003-01-10,85.54,648200,TLT
1037,2003-01-03,86.48,887600,TLT
1038,2002-12-27,89.03,274500,TLT
1039,2002-12-20,87.38,773600,TLT
1040,2002-12-13,86.53,1277300,TLT
1041,2002-12-06,86.17,1174600,TLT
1042,2002-11-29,85.55,1023300,TLT
1043,2002-11-22,86.04,899400,TLT
1044,2002-11-15,87.11,897700,TLT
1045,2002-11-08,88.44,977400,TLT
1046,2002-11-01,85.98,892500,TLT
1047,2002-10-25,85.38,953400,TLT
1048,2002-10-18,85.37,1133100,TLT
1049,2002-10-11,88.38,1886500,TLT
1050,2002-10-04,89.51,807200,TLT
1051,2002-09-27,90.04,1269500,TLT
1052,2002-09-20,89.3,568400,TLT
1053,2002-09-13,88.78,796000,TLT
1054,2002-09-06,87.46,956800,TLT
1055,2002-08-30,87.08,557600,TLT
1056,2002-08-23,85.9,182600,TLT
1057,2002-08-16,85.06,409600,TLT
1058,2002-08-09,84.88,243100,TLT
1059,2002-08-02,83.85,121700,TLT
